Latitude,Longitude,SA2_code_2021,SA3_code_2021,State_name_2021,SA2_name_2021,SA3_name_2021,SA4_name_2021,GCCSA_name_2021
-34.92855,138.6002125,401011001.0,40101.0,South Australia,Adelaide,Adelaide City,Adelaide - Central and Hills,Greater Adelaide
-34.8683,138.5168,404021101.0,40402.0,South Australia,Port Adelaide,Port Adelaide - West,Adelaide - West,Greater Adelaide
-35.0157,138.7383,401021004.0,40102.0,South Australia,Aldgate - Stirling,Adelaide Hills,Adelaide - Central and Hills,Greater Adelaide
-33.68331666666666,138.04911666666666,405021119.0,40502.0,South Australia,Wakefield - Barunga West,Lower North,Barossa - Yorke - Mid North,Rest of SA
-23.28131388888889,132.78976111111112,702011053.0,70201.0,Northern Territory,Tanami,Alice Springs,Northern Territory - Outback,Rest of NT
-34.695925,138.72874166666665,402021033.0,40202.0,South Australia,One Tree Hill,Playford,Adelaide - North,Greater Adelaide
-34.99528,138.55454,403021061.0,40302.0,South Australia,Mitchell Park,Marion,Adelaide - South,Greater Adelaide
-34.8703,138.73115,401021010.0,40102.0,South Australia,Uraidla - Summertown,Adelaide Hills,Adelaide - Central and Hills,Greater Adelaide
-34.051199999999994,138.68529999999998,405021117.0,40502.0,South Australia,Gilbert Valley,Lower North,Barossa - Yorke - Mid North,Rest of SA
-35.015550000000005,138.65175,403031065.0,40303.0,South Australia,Belair,Mitcham,Adelaide - South,Greater Adelaide
-34.8288,139.0209,407031164.0,40703.0,South Australia,Mannum,Murray and Mallee,South Australia - South East,Rest of SA
-34.845,138.49528333333333,404021099.0,40402.0,South Australia,Largs Bay - Semaphore,Port Adelaide - West,Adelaide - West,Greater Adelaide
-34.8638,138.59076666666667,402031036.0,40203.0,South Australia,Enfield - Blair Athol,Port Adelaide - East,Adelaide - North,Greater Adelaide
-34.7722,138.66551666666666,402041047.0,40204.0,South Australia,Salisbury East,Salisbury,Adelaide - North,Greater Adelaide
-34.74731666666667,138.58428333333333,402021035.0,40202.0,South Australia,Virginia - Waterloo Corner,Playford,Adelaide - North,Greater Adelaide
-34.58043571428571,139.30145000000002,407031164.0,40703.0,South Australia,Mannum,Murray and Mallee,South Australia - South East,Rest of SA
-34.8819,138.6724,401041015.0,40104.0,South Australia,Paradise - Newton,Campbelltown (SA),Adelaide - Central and Hills,Greater Adelaide
-31.98068333333333,133.25131666666664,406011134.0,40601.0,South Australia,West Coast (SA),Eyre Peninsula and South West,South Australia - Outback,Rest of SA
-35.1404,138.49040000000002,403041073.0,40304.0,South Australia,Christie Downs,Onkaparinga,Adelaide - South,Greater Adelaide
-34.85946,138.61918,402031175.0,40203.0,South Australia,Northgate - Northfield,Port Adelaide - East,Adelaide - North,Greater Adelaide
-33.4995,136.38827500000002,406011131.0,40601.0,South Australia,Kimba - Cleve - Franklin Harbour,Eyre Peninsula and South West,South Australia - Outback,Rest of SA
-34.98164,138.59225999999998,403031068.0,40303.0,South Australia,Colonel Light Gardens,Mitcham,Adelaide - South,Greater Adelaide
-29.0103,134.7575,406021139.0,40602.0,South Australia,Coober Pedy,Outback - North and East,South Australia - Outback,Rest of SA
-35.54978,139.74966,407031169.0,40703.0,South Australia,The Coorong,Murray and Mallee,South Australia - South East,Rest of SA
-34.88744285714286,138.5695,404011093.0,40401.0,South Australia,Hindmarsh - Brompton,Charles Sturt,Adelaide - West,Greater Adelaide
-34.6987625,138.67495,402021034.0,40202.0,South Australia,Smithfield - Elizabeth North,Playford,Adelaide - North,Greater Adelaide
-34.93844,138.6396,401031013.0,40103.0,South Australia,Toorak Gardens,Burnside,Adelaide - Central and Hills,Greater Adelaide
-34.979875,138.574775,403031068.0,40303.0,South Australia,Colonel Light Gardens,Mitcham,Adelaide - South,Greater Adelaide
-34.73665,138.67196666666666,402021030.0,40202.0,South Australia,Elizabeth,Playford,Adelaide - North,Greater Adelaide
-35.53383636363637,138.56198181818183,407011148.0,40701.0,South Australia,Victor Harbor,Fleurieu - Kangaroo Island,South Australia - South East,Rest of SA
-34.62888,138.7276,402011026.0,40201.0,South Australia,Gawler - South,Gawler - Two Wells,Adelaide - North,Greater Adelaide
-34.8448,138.48329999999999,404021099.0,40402.0,South Australia,Largs Bay - Semaphore,Port Adelaide - West,Adelaide - West,Greater Adelaide
-34.79756666666666,138.7256,402051054.0,40205.0,South Australia,Redwood Park,Tea Tree Gully,Adelaide - North,Greater Adelaide
-34.89665,138.52280000000002,404011095.0,40401.0,South Australia,Seaton - Grange,Charles Sturt,Adelaide - West,Greater Adelaide
-34.89823,138.6452,401051018.0,40105.0,South Australia,Payneham - Felixstow,Norwood - Payneham - St Peters,Adelaide - Central and Hills,Greater Adelaide
-35.0734,138.59412500000002,403041071.0,40304.0,South Australia,Aberfoyle Park,Onkaparinga,Adelaide - South,Greater Adelaide
-34.94998,138.62328,401071024.0,40107.0,South Australia,Unley - Parkside,Unley,Adelaide - Central and Hills,Greater Adelaide
-34.59143125,138.73925625,402011025.0,40201.0,South Australia,Gawler - North,Gawler - Two Wells,Adelaide - North,Greater Adelaide
-34.98054,138.51862,403011057.0,40301.0,South Australia,Glenelg (SA),Holdfast Bay,Adelaide - South,Greater Adelaide
-34.77376666666667,138.7195,402051050.0,40205.0,South Australia,Greenwith,Tea Tree Gully,Adelaide - North,Greater Adelaide
-34.95592,138.59036,401071023.0,40107.0,South Australia,Goodwood - Millswood,Unley,Adelaide - Central and Hills,Greater Adelaide
-35.4926875,138.7914125,407011144.0,40701.0,South Australia,Goolwa - Port Elliot,Fleurieu - Kangaroo Island,South Australia - South East,Rest of SA
-34.865,138.63705,402031038.0,40203.0,South Australia,Windsor Gardens,Port Adelaide - East,Adelaide - North,Greater Adelaide
-34.78905,138.6079,402041043.0,40204.0,South Australia,Parafield Gardens,Salisbury,Adelaide - North,Greater Adelaide
-34.79715,138.9186,401021003.0,40102.0,South Australia,Adelaide Hills,Adelaide Hills,Adelaide - Central and Hills,Greater Adelaide
-35.144425,138.52765,403041078.0,40304.0,South Australia,Hackham - Onkaparinga Hills,Onkaparinga,Adelaide - South,Greater Adelaide
-34.91016666666667,138.62666666666667,401051019.0,40105.0,South Australia,St Peters - Marden,Norwood - Payneham - St Peters,Adelaide - Central and Hills,Greater Adelaide
-35.07472,138.5327,403021063.0,40302.0,South Australia,Sheidow Park - Trott Park,Marion,Adelaide - South,Greater Adelaide
-34.9033,138.56941999999998,404011093.0,40401.0,South Australia,Hindmarsh - Brompton,Charles Sturt,Adelaide - West,Greater Adelaide
-34.8426,138.6989,402051052.0,40205.0,South Australia,Hope Valley - Modbury,Tea Tree Gully,Adelaide - North,Greater Adelaide
-34.836349999999996,138.6459,402031176.0,40203.0,South Australia,Valley View - Gilles Plains,Port Adelaide - East,Adelaide - North,Greater Adelaide
-34.88953333333333,138.55136666666667,404011093.0,40401.0,South Australia,Hindmarsh - Brompton,Charles Sturt,Adelaide - West,Greater Adelaide
-34.95545,138.559325,404031107.0,40403.0,South Australia,Plympton,West Torrens,Adelaide - West,Greater Adelaide
-34.826233333333334,138.49976666666666,404021099.0,40402.0,South Australia,Largs Bay - Semaphore,Port Adelaide - West,Adelaide - West,Greater Adelaide
-34.921775,138.6512625,401031011.0,40103.0,South Australia,Burnside - Wattle Park,Burnside,Adelaide - Central and Hills,Greater Adelaide
-34.9133875,138.6825,401031011.0,40103.0,South Australia,Burnside - Wattle Park,Burnside,Adelaide - Central and Hills,Greater Adelaide
-34.86225,138.547825,404021102.0,40402.0,South Australia,The Parks,Port Adelaide - West,Adelaide - West,Greater Adelaide
-34.81666666666666,138.61713333333333,402041171.0,40204.0,South Australia,Mawson Lakes - Globe Derby Park,Salisbury,Adelaide - North,Greater Adelaide
-35.20602,138.56214,403041083.0,40304.0,South Australia,McLaren Vale,Onkaparinga,Adelaide - South,Greater Adelaide
-34.8257,138.68282499999998,402051053.0,40205.0,South Australia,Modbury Heights,Tea Tree Gully,Adelaide - North,Greater Adelaide
-35.11215,138.5414,403041084.0,40304.0,South Australia,Morphett Vale - East,Onkaparinga,Adelaide - South,Greater Adelaide
-35.085,138.89043333333333,401021007.0,40102.0,South Australia,Mount Barker,Adelaide Hills,Adelaide - Central and Hills,Greater Adelaide
-37.817,140.7529,407021174.0,40702.0,South Australia,Mount Gambier - West,Limestone Coast,South Australia - South East,Rest of SA
-34.65435,138.68800000000002,402021032.0,40202.0,South Australia,Munno Para West - Angle Vale,Playford,Adelaide - North,Greater Adelaide
-35.117475,139.33045,407031166.0,40703.0,South Australia,Murray Bridge Surrounds,Murray and Mallee,South Australia - South East,Rest of SA
-34.959583333333335,138.6444,401031012.0,40103.0,South Australia,Beaumont - Glen Osmond,Burnside,Adelaide - Central and Hills,Greater Adelaide
-34.8802,138.60923333333335,401061020.0,40106.0,South Australia,Nailsworth - Broadview,Prospect - Walkerville,Adelaide - Central and Hills,Greater Adelaide
-36.92286111111111,140.69607777777776,407021154.0,40702.0,South Australia,Naracoorte,Limestone Coast,South Australia - South East,Rest of SA
-34.98068181818182,138.61805454545456,403031069.0,40303.0,South Australia,Mitcham (SA),Mitcham,Adelaide - South,Greater Adelaide
-35.15996666666666,138.49800000000002,403041073.0,40304.0,South Australia,Christie Downs,Onkaparinga,Adelaide - South,Greater Adelaide
-35.535219999999995,138.23093,407011149.0,40701.0,South Australia,Yankalilla,Fleurieu - Kangaroo Island,South Australia - South East,Rest of SA
-34.903949999999995,138.58395000000002,401011002.0,40101.0,South Australia,North Adelaide,Adelaide City,Adelaide - Central and Hills,Greater Adelaide
-34.92104,138.635,401051017.0,40105.0,South Australia,Norwood (SA),Norwood - Payneham - St Peters,Adelaide - Central and Hills,Greater Adelaide
-34.4562125,138.9717125,405011114.0,40501.0,South Australia,Nuriootpa,Barossa,Barossa - Yorke - Mid North,Rest of SA
-35.007533333333335,138.54373333333334,403021064.0,40302.0,South Australia,Warradale,Marion,Adelaide - South,Greater Adelaide
-34.84655,138.53675,404021101.0,40402.0,South Australia,Port Adelaide,Port Adelaide - West,Adelaide - West,Greater Adelaide
-34.86665,138.67680000000001,402051051.0,40205.0,South Australia,Highbury - Dernancourt,Tea Tree Gully,Adelaide - North,Greater Adelaide
-34.780874999999995,138.631575,402041046.0,40204.0,South Australia,Salisbury,Salisbury,Adelaide - North,Greater Adelaide
-34.80746666666667,138.65689999999998,402041041.0,40204.0,South Australia,Para Hills,Salisbury,Adelaide - North,Greater Adelaide
-34.760220000000004,138.62439999999998,402041044.0,40204.0,South Australia,Paralowie,Salisbury,Adelaide - North,Greater Adelaide
-34.8333,138.6676,402041040.0,40204.0,South Australia,Ingle Farm,Salisbury,Adelaide - North,Greater Adelaide
-32.64453333333333,134.92340000000002,406011134.0,40601.0,South Australia,West Coast (SA),Eyre Peninsula and South West,South Australia - Outback,Rest of SA
-32.567930000000004,137.80453,,,,,,,
-35.5286,138.6776,407011144.0,40701.0,South Australia,Goolwa - Port Elliot,Fleurieu - Kangaroo Island,South Australia - South East,Rest of SA
-34.7266,135.8829,406011133.0,40601.0,South Australia,Port Lincoln,Eyre Peninsula and South West,South Australia - Outback,Rest of SA
-35.15935,138.46890000000002,,,,,,,
-33.19676,138.03256000000002,405031122.0,40503.0,South Australia,Port Pirie,Mid North,Barossa - Yorke - Mid North,Rest of SA
-34.89228000000001,138.59174000000002,401061021.0,40106.0,South Australia,Prospect,Prospect - Walkerville,Adelaide - Central and Hills,Greater Adelaide
-32.34066666666667,138.10141666666667,406021140.0,40602.0,South Australia,Quorn - Lake Gilles,Outback - North and East,South Australia - Outback,Rest of SA
-34.82116666666667,138.70723333333333,402051055.0,40205.0,South Australia,St Agnes - Ridgehaven,Tea Tree Gully,Adelaide - North,Greater Adelaide
-34.159975,140.7140125,407031168.0,40703.0,South Australia,Renmark Surrounds,Murray and Mallee,South Australia - South East,Rest of SA
-35.09413333333333,138.5388,403041086.0,40304.0,South Australia,Reynella,Onkaparinga,Adelaide - South,Greater Adelaide
-34.898025000000004,138.67295000000001,401041016.0,40104.0,South Australia,Rostrevor - Magill,Campbelltown (SA),Adelaide - Central and Hills,Greater Adelaide
-35.087353846153846,138.76133076923077,401021005.0,40102.0,South Australia,Hahndorf - Echunga,Adelaide Hills,Adelaide - Central and Hills,Greater Adelaide
-35.03908,138.52422,403011056.0,40301.0,South Australia,Brighton (SA),Holdfast Bay,Adelaide - South,Greater Adelaide
-35.027225,138.551675,403021061.0,40302.0,South Australia,Mitchell Park,Marion,Adelaide - South,Greater Adelaide
-35.19236,138.48314,403041178.0,40304.0,South Australia,Seaford Rise - Moana,Onkaparinga,Adelaide - South,Greater Adelaide
-34.993700000000004,138.52405,403011057.0,40301.0,South Australia,Glenelg (SA),Holdfast Bay,Adelaide - South,Greater Adelaide
-34.71488333333333,139.06933333333333,405011110.0,40501.0,South Australia,Barossa - Angaston,Barossa,Barossa - Yorke - Mid North,Rest of SA
-35.00604,138.57208,403021061.0,40302.0,South Australia,Mitchell Park,Marion,Adelaide - South,Greater Adelaide
-35.274415789473686,138.96124210526318,407011147.0,40701.0,South Australia,Strathalbyn Surrounds,Fleurieu - Kangaroo Island,South Australia - South East,Rest of SA
-32.56071,134.26825,406011134.0,40601.0,South Australia,West Coast (SA),Eyre Peninsula and South West,South Australia - Outback,Rest of SA
-34.79575,138.5066,404021100.0,40402.0,South Australia,North Haven,Port Adelaide - West,Adelaide - West,Greater Adelaide
-34.92874,138.56804,404031108.0,40403.0,South Australia,Richmond (SA),West Torrens,Adelaide - West,Greater Adelaide
-34.9558,138.60596666666666,401071023.0,40107.0,South Australia,Goodwood - Millswood,Unley,Adelaide - Central and Hills,Greater Adelaide
-34.19950666666667,140.07873333333333,407031170.0,40703.0,South Australia,Waikerie,Murray and Mallee,South Australia - South East,Rest of SA
-34.892966666666666,138.61376666666666,401061022.0,40106.0,South Australia,Walkerville,Prospect - Walkerville,Adelaide - Central and Hills,Greater Adelaide
-34.9275,138.51283333333333,404031105.0,40403.0,South Australia,Fulham,West Torrens,Adelaide - West,Greater Adelaide
-34.8749,138.4939,404011096.0,40401.0,South Australia,West Lakes,Charles Sturt,Adelaide - West,Greater Adelaide
-33.033233333333335,137.57153333333335,406011136.0,40601.0,South Australia,Whyalla,Eyre Peninsula and South West,South Australia - Outback,Rest of SA
-33.0229,137.530775,406011136.0,40601.0,South Australia,Whyalla,Eyre Peninsula and South West,South Australia - Outback,Rest of SA
-32.389160000000004,134.60026,406011134.0,40601.0,South Australia,West Coast (SA),Eyre Peninsula and South West,South Australia - Outback,Rest of SA
-34.88114,138.53666,404011097.0,40401.0,South Australia,Woodville - Cheltenham,Charles Sturt,Adelaide - West,Greater Adelaide
-34.7993,138.6885,402051053.0,40205.0,South Australia,Modbury Heights,Tea Tree Gully,Adelaide - North,Greater Adelaide
-35.512366666666665,138.36665000000002,407011149.0,40701.0,South Australia,Yankalilla,Fleurieu - Kangaroo Island,South Australia - South East,Rest of SA
-34.8625,138.565275,404021102.0,40402.0,South Australia,The Parks,Port Adelaide - West,Adelaide - West,Greater Adelaide
-34.6419,138.645,402021032.0,40202.0,South Australia,Munno Para West - Angle Vale,Playford,Adelaide - North,Greater Adelaide
-34.822399999999995,138.725,402051055.0,40205.0,South Australia,St Agnes - Ridgehaven,Tea Tree Gully,Adelaide - North,Greater Adelaide
-34.2895,140.43529999999998,407031159.0,40703.0,South Australia,Barmera,Murray and Mallee,South Australia - South East,Rest of SA
-35.02565,138.5901,403031066.0,40303.0,South Australia,Bellevue Heights,Mitcham,Adelaide - South,Greater Adelaide
-34.32731666666667,140.5769,407031159.0,40703.0,South Australia,Barmera,Murray and Mallee,South Australia - South East,Rest of SA
-35.0294,138.620375,403031067.0,40303.0,South Australia,Blackwood,Mitcham,Adelaide - South,Greater Adelaide
-33.65315,138.91753,405021118.0,40502.0,South Australia,Goyder,Lower North,Barossa - Yorke - Mid North,Rest of SA
-35.01706,138.52604000000002,403011056.0,40301.0,South Australia,Brighton (SA),Holdfast Bay,Adelaide - South,Greater Adelaide
-35.13,138.4959,403041073.0,40304.0,South Australia,Christie Downs,Onkaparinga,Adelaide - South,Greater Adelaide
-34.82823333333334,138.59553333333335,402041172.0,40204.0,South Australia,Pooraka - Cavan,Salisbury,Adelaide - North,Greater Adelaide
-34.2753,140.5387,407031159.0,40703.0,South Australia,Barmera,Murray and Mallee,South Australia - South East,Rest of SA
-34.93944285714286,138.66714285714286,401031011.0,40103.0,South Australia,Burnside - Wattle Park,Burnside,Adelaide - Central and Hills,Greater Adelaide
-34.908924999999996,138.495825,404011092.0,40401.0,South Australia,Henley Beach,Charles Sturt,Adelaide - West,Greater Adelaide
-34.87155,138.6467,402031038.0,40203.0,South Australia,Windsor Gardens,Port Adelaide - East,Adelaide - North,Greater Adelaide
-34.9026,138.8756,401021006.0,40102.0,South Australia,Lobethal - Woodside,Adelaide Hills,Adelaide - Central and Hills,Greater Adelaide
-34.92486666666667,138.5417,404031106.0,40403.0,South Australia,Lockleys,West Torrens,Adelaide - West,Greater Adelaide
-35.1089,138.4956,403041082.0,40304.0,South Australia,Lonsdale,Onkaparinga,Adelaide - South,Greater Adelaide
-34.849062068965516,139.47256206896552,407031164.0,40703.0,South Australia,Mannum,Murray and Mallee,South Australia - South East,Rest of SA
-37.53736875,140.2879125,407021158.0,40702.0,South Australia,Wattle Range,Limestone Coast,South Australia - South East,Rest of SA
-35.40018888888889,140.03537777777777,407031169.0,40703.0,South Australia,The Coorong,Murray and Mallee,South Australia - South East,Rest of SA
-34.20843333333333,140.84453333333332,407031168.0,40703.0,South Australia,Renmark Surrounds,Murray and Mallee,South Australia - South East,Rest of SA
-37.4103,140.820925,407021156.0,40702.0,South Australia,Penola,Limestone Coast,South Australia - South East,Rest of SA
-34.97,138.552075,403021062.0,40302.0,South Australia,Morphettville,Marion,Adelaide - South,Greater Adelaide
-34.42185,137.57596,405041127.0,40504.0,South Australia,Yorke Peninsula - North,Yorke Peninsula,Barossa - Yorke - Mid North,Rest of SA
-34.938185714285716,138.5605857142857,404031108.0,40403.0,South Australia,Richmond (SA),West Torrens,Adelaide - West,Greater Adelaide
-33.7838,138.16766,405021119.0,40502.0,South Australia,Wakefield - Barunga West,Lower North,Barossa - Yorke - Mid North,Rest of SA
-34.8649,138.4851,404011096.0,40401.0,South Australia,West Lakes,Charles Sturt,Adelaide - West,Greater Adelaide
-35.284816666666664,138.60416666666666,407011147.0,40701.0,South Australia,Strathalbyn Surrounds,Fleurieu - Kangaroo Island,South Australia - South East,Rest of SA
-34.9459,138.5268,404031104.0,40403.0,South Australia,Adelaide Airport,West Torrens,Adelaide - West,Greater Adelaide
-35.271,138.4664,403041072.0,40304.0,South Australia,Aldinga,Onkaparinga,Adelaide - South,Greater Adelaide
-34.3584,139.71344,407031170.0,40703.0,South Australia,Waikerie,Murray and Mallee,South Australia - South East,Rest of SA
-35.1628875,138.6985875,403041075.0,40304.0,South Australia,Clarendon,Onkaparinga,Adelaide - South,Greater Adelaide
-34.4675,138.37915,405011113.0,40501.0,South Australia,Mallala,Barossa,Barossa - Yorke - Mid North,Rest of SA
-34.9105,138.5346,404011091.0,40401.0,South Australia,Flinders Park,Charles Sturt,Adelaide - West,Greater Adelaide
-33.97844,137.74866,405041124.0,40504.0,South Australia,Kadina,Yorke Peninsula,Barossa - Yorke - Mid North,Rest of SA
-34.4602125,140.5627,407031162.0,40703.0,South Australia,Loxton,Murray and Mallee,South Australia - South East,Rest of SA
-34.47081666666667,138.56171666666668,405011113.0,40501.0,South Australia,Mallala,Barossa,Barossa - Yorke - Mid North,Rest of SA
-35.5092,138.7178,407011144.0,40701.0,South Australia,Goolwa - Port Elliot,Fleurieu - Kangaroo Island,South Australia - South East,Rest of SA
-34.15705,138.21359999999999,405021119.0,40502.0,South Australia,Wakefield - Barunga West,Lower North,Barossa - Yorke - Mid North,Rest of SA
-34.03725555555556,138.89423333333332,405021117.0,40502.0,South Australia,Gilbert Valley,Lower North,Barossa - Yorke - Mid North,Rest of SA
-34.57725,138.83585,405011112.0,40501.0,South Australia,Lyndoch,Barossa,Barossa - Yorke - Mid North,Rest of SA
-34.3726125,139.2512875,407031170.0,40703.0,South Australia,Waikerie,Murray and Mallee,South Australia - South East,Rest of SA
-33.922325,137.633575,405041126.0,40504.0,South Australia,Wallaroo,Yorke Peninsula,Barossa - Yorke - Mid North,Rest of SA
-35.39234166666667,139.35924166666666,407031169.0,40703.0,South Australia,The Coorong,Murray and Mallee,South Australia - South East,Rest of SA
-34.935379999999995,138.92922,401021006.0,40102.0,South Australia,Lobethal - Woodside,Adelaide Hills,Adelaide - Central and Hills,Greater Adelaide
-30.4492,137.1661,406021141.0,40602.0,South Australia,Outback,Outback - North and East,South Australia - Outback,Rest of SA
-34.08776923076923,138.39000769230768,405021119.0,40502.0,South Australia,Wakefield - Barunga West,Lower North,Barossa - Yorke - Mid North,Rest of SA
-34.94938333333334,138.57703333333333,401071023.0,40107.0,South Australia,Goodwood - Millswood,Unley,Adelaide - Central and Hills,Greater Adelaide
-35.01025,138.77285,401021004.0,40102.0,South Australia,Aldgate - Stirling,Adelaide Hills,Adelaide - Central and Hills,Greater Adelaide
-34.2415,140.4092,407031159.0,40703.0,South Australia,Barmera,Murray and Mallee,South Australia - South East,Rest of SA
-33.50897272727273,135.11054545454544,406011132.0,40601.0,South Australia,Le Hunte - Elliston,Eyre Peninsula and South West,South Australia - Outback,Rest of SA
-34.8536,138.7041,402051051.0,40205.0,South Australia,Highbury - Dernancourt,Tea Tree Gully,Adelaide - North,Greater Adelaide
-34.8559,138.6624,402051052.0,40205.0,South Australia,Hope Valley - Modbury,Tea Tree Gully,Adelaide - North,Greater Adelaide
-35.1193,138.477,403041074.0,40304.0,South Australia,Christies Beach,Onkaparinga,Adelaide - South,Greater Adelaide
-30.5248,136.89495,406021143.0,40602.0,South Australia,Roxby Downs,Outback - North and East,South Australia - Outback,Rest of SA
-35.3187,138.47635,403041088.0,40304.0,South Australia,Willunga,Onkaparinga,Adelaide - South,Greater Adelaide
-34.6682,138.54520000000002,402021035.0,40202.0,South Australia,Virginia - Waterloo Corner,Playford,Adelaide - North,Greater Adelaide
-35.07726666666667,137.59156666666667,405041128.0,40504.0,South Australia,Yorke Peninsula - South,Yorke Peninsula,Barossa - Yorke - Mid North,Rest of SA
-35.07986666666667,137.74423333333334,405041128.0,40504.0,South Australia,Yorke Peninsula - South,Yorke Peninsula,Barossa - Yorke - Mid North,Rest of SA
-33.60026666666667,137.9144,405021119.0,40502.0,South Australia,Wakefield - Barunga West,Lower North,Barossa - Yorke - Mid North,Rest of SA
-37.538775,140.72129999999999,407021156.0,40702.0,South Australia,Penola,Limestone Coast,South Australia - South East,Rest of SA
-36.11889166666666,140.42400833333332,407021157.0,40702.0,South Australia,Tatiara,Limestone Coast,South Australia - South East,Rest of SA
-36.805925,139.88148125,407021151.0,40702.0,South Australia,Kingston - Robe,Limestone Coast,South Australia - South East,Rest of SA
-36.826425,140.896275,407021155.0,40702.0,South Australia,Naracoorte Surrounds,Limestone Coast,South Australia - South East,Rest of SA
-35.890366666666665,139.50105,407031169.0,40703.0,South Australia,The Coorong,Murray and Mallee,South Australia - South East,Rest of SA
-34.07986428571429,137.60380714285714,405041125.0,40504.0,South Australia,Moonta,Yorke Peninsula,Barossa - Yorke - Mid North,Rest of SA
-34.41318636363636,135.68879090909093,406011130.0,40601.0,South Australia,Eyre Peninsula,Eyre Peninsula and South West,South Australia - Outback,Rest of SA
-35.3981,138.46993333333333,407011149.0,40701.0,South Australia,Yankalilla,Fleurieu - Kangaroo Island,South Australia - South East,Rest of SA
-34.780950000000004,138.49075,404021100.0,40402.0,South Australia,North Haven,Port Adelaide - West,Adelaide - West,Greater Adelaide
-35.7882,137.2612,407011145.0,40701.0,South Australia,Kangaroo Island,Fleurieu - Kangaroo Island,South Australia - South East,Rest of SA
-34.53687142857143,138.95511428571427,405011115.0,40501.0,South Australia,Tanunda,Barossa,Barossa - Yorke - Mid North,Rest of SA
-37.87617714285714,140.70948571428573,407021150.0,40702.0,South Australia,Grant,Limestone Coast,South Australia - South East,Rest of SA
-33.38245,138.15264,405031123.0,40503.0,South Australia,Port Pirie Surrounds,Mid North,Barossa - Yorke - Mid North,Rest of SA
-34.277766666666665,138.65853333333334,405021119.0,40502.0,South Australia,Wakefield - Barunga West,Lower North,Barossa - Yorke - Mid North,Rest of SA
-34.9819,138.848,401021006.0,40102.0,South Australia,Lobethal - Woodside,Adelaide Hills,Adelaide - Central and Hills,Greater Adelaide
-34.13995,138.700975,405021117.0,40502.0,South Australia,Gilbert Valley,Lower North,Barossa - Yorke - Mid North,Rest of SA
-34.48495,138.76775,405011111.0,40501.0,South Australia,Light,Barossa,Barossa - Yorke - Mid North,Rest of SA
-31.411816666666667,136.13315,406021141.0,40602.0,South Australia,Outback,Outback - North and East,South Australia - Outback,Rest of SA
-35.277100000000004,139.4959,407031169.0,40703.0,South Australia,The Coorong,Murray and Mallee,South Australia - South East,Rest of SA
-34.16422,139.1508,405021118.0,40502.0,South Australia,Goyder,Lower North,Barossa - Yorke - Mid North,Rest of SA
-33.10455384615385,136.32983846153846,406011131.0,40601.0,South Australia,Kimba - Cleve - Franklin Harbour,Eyre Peninsula and South West,South Australia - Outback,Rest of SA
-35.044533333333334,138.94966666666667,401021008.0,40102.0,South Australia,Mount Barker Surrounds,Adelaide Hills,Adelaide - Central and Hills,Greater Adelaide
-34.8429,138.7762,401021003.0,40102.0,South Australia,Adelaide Hills,Adelaide Hills,Adelaide - Central and Hills,Greater Adelaide
-33.86421875,138.605475,405021117.0,40502.0,South Australia,Gilbert Valley,Lower North,Barossa - Yorke - Mid North,Rest of SA
-29.152800000000003,139.29734,406021141.0,40602.0,South Australia,Outback,Outback - North and East,South Australia - Outback,Rest of SA
-34.327462499999996,138.92135,405011111.0,40501.0,South Australia,Light,Barossa,Barossa - Yorke - Mid North,Rest of SA
-34.6761,138.63016666666667,402021035.0,40202.0,South Australia,Virginia - Waterloo Corner,Playford,Adelaide - North,Greater Adelaide
-35.21282,138.73388,401021008.0,40102.0,South Australia,Mount Barker Surrounds,Adelaide Hills,Adelaide - Central and Hills,Greater Adelaide
-33.1541,138.45273333333333,405031120.0,40503.0,South Australia,Jamestown,Mid North,Barossa - Yorke - Mid North,Rest of SA
-34.449600000000004,138.91385000000002,405011111.0,40501.0,South Australia,Light,Barossa,Barossa - Yorke - Mid North,Rest of SA
-33.22741428571429,138.59552857142856,405031120.0,40503.0,South Australia,Jamestown,Mid North,Barossa - Yorke - Mid North,Rest of SA
-34.352850000000004,138.7501,405021117.0,40502.0,South Australia,Gilbert Valley,Lower North,Barossa - Yorke - Mid North,Rest of SA
-35.04153333333333,138.86186666666666,401021007.0,40102.0,South Australia,Mount Barker,Adelaide Hills,Adelaide - Central and Hills,Greater Adelaide
-27.3052,133.46050000000002,406021141.0,40602.0,South Australia,Outback,Outback - North and East,South Australia - Outback,Rest of SA
-32.884676923076924,138.93037692307692,405031121.0,40503.0,South Australia,Peterborough - Mount Remarkable,Mid North,Barossa - Yorke - Mid North,Rest of SA
-37.2834,139.88316666666665,407021151.0,40702.0,South Australia,Kingston - Robe,Limestone Coast,South Australia - South East,Rest of SA
-34.9102,137.79579999999999,405041128.0,40504.0,South Australia,Yorke Peninsula - South,Yorke Peninsula,Barossa - Yorke - Mid North,Rest of SA
-32.973775,138.222975,405031121.0,40503.0,South Australia,Peterborough - Mount Remarkable,Mid North,Barossa - Yorke - Mid North,Rest of SA
-34.70165,138.66315,402021029.0,40202.0,South Australia,Davoren Park,Playford,Adelaide - North,Greater Adelaide
-35.76740689655172,137.28710344827587,407011145.0,40701.0,South Australia,Kangaroo Island,Fleurieu - Kangaroo Island,South Australia - South East,Rest of SA
-27.5478,135.4474,406021141.0,40602.0,South Australia,Outback,Outback - North and East,South Australia - Outback,Rest of SA
-35.05285,140.833675,407031161.0,40703.0,South Australia,Karoonda - Lameroo,Murray and Mallee,South Australia - South East,Rest of SA
-34.67275,137.80275,405041127.0,40504.0,South Australia,Yorke Peninsula - North,Yorke Peninsula,Barossa - Yorke - Mid North,Rest of SA
-34.464729999999996,137.88039,405041127.0,40504.0,South Australia,Yorke Peninsula - North,Yorke Peninsula,Barossa - Yorke - Mid North,Rest of SA
-33.14505,139.0058,405021118.0,40502.0,South Australia,Goyder,Lower North,Barossa - Yorke - Mid North,Rest of SA
-36.3653625,140.759575,407021157.0,40702.0,South Australia,Tatiara,Limestone Coast,South Australia - South East,Rest of SA
-30.567999999999998,138.70184999999998,406021141.0,40602.0,South Australia,Outback,Outback - North and East,South Australia - Outback,Rest of SA
-34.9517,138.6941,401021010.0,40102.0,South Australia,Uraidla - Summertown,Adelaide Hills,Adelaide - Central and Hills,Greater Adelaide
-35.026266666666665,138.81216666666668,401021005.0,40102.0,South Australia,Hahndorf - Echunga,Adelaide Hills,Adelaide - Central and Hills,Greater Adelaide
-35.4657,140.6103,407031161.0,40703.0,South Australia,Karoonda - Lameroo,Murray and Mallee,South Australia - South East,Rest of SA
-34.966,138.5331,404031107.0,40403.0,South Australia,Plympton,West Torrens,Adelaide - West,Greater Adelaide
-31.0163,138.49736666666666,406021141.0,40602.0,South Australia,Outback,Outback - North and East,South Australia - Outback,Rest of SA
-35.05364,139.19995333333333,407031166.0,40703.0,South Australia,Murray Bridge Surrounds,Murray and Mallee,South Australia - South East,Rest of SA
-37.10515,140.32246666666666,407021155.0,40702.0,South Australia,Naracoorte Surrounds,Limestone Coast,South Australia - South East,Rest of SA
-34.79286666666667,138.8579,401021003.0,40102.0,South Australia,Adelaide Hills,Adelaide Hills,Adelaide - Central and Hills,Greater Adelaide
-33.1245,135.5974,406011132.0,40601.0,South Australia,Le Hunte - Elliston,Eyre Peninsula and South West,South Australia - Outback,Rest of SA
-34.909061538461536,137.38002307692307,,,,,,,
-35.3353,138.66240000000002,407011147.0,40701.0,South Australia,Strathalbyn Surrounds,Fleurieu - Kangaroo Island,South Australia - South East,Rest of SA
-34.99255,138.703125,401021004.0,40102.0,South Australia,Aldgate - Stirling,Adelaide Hills,Adelaide - Central and Hills,Greater Adelaide
-33.0234,137.5123,406011136.0,40601.0,South Australia,Whyalla,Eyre Peninsula and South West,South Australia - Outback,Rest of SA
-35.189350000000005,140.08125,407031161.0,40703.0,South Australia,Karoonda - Lameroo,Murray and Mallee,South Australia - South East,Rest of SA
-33.5722,135.86624999999998,406011132.0,40601.0,South Australia,Le Hunte - Elliston,Eyre Peninsula and South West,South Australia - Outback,Rest of SA
-32.66557857142857,138.55822142857144,405031121.0,40503.0,South Australia,Peterborough - Mount Remarkable,Mid North,Barossa - Yorke - Mid North,Rest of SA
-34.156439999999996,139.91396,407031170.0,40703.0,South Australia,Waikerie,Murray and Mallee,South Australia - South East,Rest of SA
-33.916799999999995,138.0168,405021119.0,40502.0,South Australia,Wakefield - Barunga West,Lower North,Barossa - Yorke - Mid North,Rest of SA
-34.69616,139.96722,407031161.0,40703.0,South Australia,Karoonda - Lameroo,Murray and Mallee,South Australia - South East,Rest of SA
-35.43481666666667,138.96826666666666,407011147.0,40701.0,South Australia,Strathalbyn Surrounds,Fleurieu - Kangaroo Island,South Australia - South East,Rest of SA
-34.64307142857143,138.8997857142857,405011112.0,40501.0,South Australia,Lyndoch,Barossa,Barossa - Yorke - Mid North,Rest of SA
-31.226399999999998,136.81175000000002,406021141.0,40602.0,South Australia,Outback,Outback - North and East,South Australia - Outback,Rest of SA
-32.97318666666667,137.60196,406011137.0,40601.0,South Australia,Whyalla - North,Eyre Peninsula and South West,South Australia - Outback,Rest of SA
-34.81555,139.1991,407031164.0,40703.0,South Australia,Mannum,Murray and Mallee,South Australia - South East,Rest of SA
-32.855450000000005,138.41525000000001,405031121.0,40503.0,South Australia,Peterborough - Mount Remarkable,Mid North,Barossa - Yorke - Mid North,Rest of SA
-35.7844,137.76016666666666,407011145.0,40701.0,South Australia,Kangaroo Island,Fleurieu - Kangaroo Island,South Australia - South East,Rest of SA
-33.5946875,136.9121,406011131.0,40601.0,South Australia,Kimba - Cleve - Franklin Harbour,Eyre Peninsula and South West,South Australia - Outback,Rest of SA
-34.035938461538464,139.5997076923077,407031170.0,40703.0,South Australia,Waikerie,Murray and Mallee,South Australia - South East,Rest of SA
-37.48648333333333,140.5798166666667,407021158.0,40702.0,South Australia,Wattle Range,Limestone Coast,South Australia - South East,Rest of SA
-31.9194,138.3175666666667,406021140.0,40602.0,South Australia,Quorn - Lake Gilles,Outback - North and East,South Australia - Outback,Rest of SA
-35.23,138.4771,403041178.0,40304.0,South Australia,Seaford Rise - Moana,Onkaparinga,Adelaide - South,Greater Adelaide
-34.242200000000004,137.9789,405041127.0,40504.0,South Australia,Yorke Peninsula - North,Yorke Peninsula,Barossa - Yorke - Mid North,Rest of SA
-34.8534,138.8325,401021003.0,40102.0,South Australia,Adelaide Hills,Adelaide Hills,Adelaide - Central and Hills,Greater Adelaide
-34.9197,139.019,401021008.0,40102.0,South Australia,Mount Barker Surrounds,Adelaide Hills,Adelaide - Central and Hills,Greater Adelaide
-34.4531,138.8147,405011111.0,40501.0,South Australia,Light,Barossa,Barossa - Yorke - Mid North,Rest of SA
-33.2678,138.359,405031120.0,40503.0,South Australia,Jamestown,Mid North,Barossa - Yorke - Mid North,Rest of SA
-34.7389,137.8684,,,,,,,
-33.9303,138.154,405021119.0,40502.0,South Australia,Wakefield - Barunga West,Lower North,Barossa - Yorke - Mid North,Rest of SA
-34.9789,138.73,401021004.0,40102.0,South Australia,Aldgate - Stirling,Adelaide Hills,Adelaide - Central and Hills,Greater Adelaide
-33.491885714285715,138.6192,405031120.0,40503.0,South Australia,Jamestown,Mid North,Barossa - Yorke - Mid North,Rest of SA
-33.929775,139.082675,405021118.0,40502.0,South Australia,Goyder,Lower North,Barossa - Yorke - Mid North,Rest of SA
-37.2932,140.8455,407021156.0,40702.0,South Australia,Penola,Limestone Coast,South Australia - South East,Rest of SA
-33.35874285714286,138.95008571428573,405021118.0,40502.0,South Australia,Goyder,Lower North,Barossa - Yorke - Mid North,Rest of SA
-33.696075,138.45925,405021119.0,40502.0,South Australia,Wakefield - Barunga West,Lower North,Barossa - Yorke - Mid North,Rest of SA
-36.374950000000005,140.5443,407021157.0,40702.0,South Australia,Tatiara,Limestone Coast,South Australia - South East,Rest of SA
-34.93435,138.7456,401021010.0,40102.0,South Australia,Uraidla - Summertown,Adelaide Hills,Adelaide - Central and Hills,Greater Adelaide
-34.993,138.8252,401021006.0,40102.0,South Australia,Lobethal - Woodside,Adelaide Hills,Adelaide - Central and Hills,Greater Adelaide
-34.8074,138.7601,401021003.0,40102.0,South Australia,Adelaide Hills,Adelaide Hills,Adelaide - Central and Hills,Greater Adelaide
-34.9211,138.8252,401021006.0,40102.0,South Australia,Lobethal - Woodside,Adelaide Hills,Adelaide - Central and Hills,Greater Adelaide
-34.1165,136.3523,,,,,,,
-32.6462,138.1159,405031121.0,40503.0,South Australia,Peterborough - Mount Remarkable,Mid North,Barossa - Yorke - Mid North,Rest of SA
-36.37276666666667,140.90676666666664,407021157.0,40702.0,South Australia,Tatiara,Limestone Coast,South Australia - South East,Rest of SA
-33.02183333333333,135.43963333333332,406011132.0,40601.0,South Australia,Le Hunte - Elliston,Eyre Peninsula and South West,South Australia - Outback,Rest of SA
-35.3012,140.6837,407031161.0,40703.0,South Australia,Karoonda - Lameroo,Murray and Mallee,South Australia - South East,Rest of SA
-32.9348,138.00866666666667,405031121.0,40503.0,South Australia,Peterborough - Mount Remarkable,Mid North,Barossa - Yorke - Mid North,Rest of SA
-31.499185714285716,136.93205714285713,406021141.0,40602.0,South Australia,Outback,Outback - North and East,South Australia - Outback,Rest of SA
-35.024566666666665,137.2048,405041128.0,40504.0,South Australia,Yorke Peninsula - South,Yorke Peninsula,Barossa - Yorke - Mid North,Rest of SA
-34.2439,140.5682,407031159.0,40703.0,South Australia,Barmera,Murray and Mallee,South Australia - South East,Rest of SA
-34.9219,138.7318,401021010.0,40102.0,South Australia,Uraidla - Summertown,Adelaide Hills,Adelaide - Central and Hills,Greater Adelaide
-35.74385,139.74325,407031169.0,40703.0,South Australia,The Coorong,Murray and Mallee,South Australia - South East,Rest of SA
-34.324525,140.3385,407031163.0,40703.0,South Australia,Loxton Surrounds,Murray and Mallee,South Australia - South East,Rest of SA
-34.6368,140.59175384615384,407031163.0,40703.0,South Australia,Loxton Surrounds,Murray and Mallee,South Australia - South East,Rest of SA
-34.9007,138.75945000000002,401021010.0,40102.0,South Australia,Uraidla - Summertown,Adelaide Hills,Adelaide - Central and Hills,Greater Adelaide
-33.5345,138.2193,405031123.0,40503.0,South Australia,Port Pirie Surrounds,Mid North,Barossa - Yorke - Mid North,Rest of SA
-32.374199999999995,140.0389142857143,406021141.0,40602.0,South Australia,Outback,Outback - North and East,South Australia - Outback,Rest of SA
-34.56774,139.71071999999998,407031164.0,40703.0,South Australia,Mannum,Murray and Mallee,South Australia - South East,Rest of SA
-32.600300000000004,134.60685,406011134.0,40601.0,South Australia,West Coast (SA),Eyre Peninsula and South West,South Australia - Outback,Rest of SA
-33.11173333333333,138.34313333333333,405031120.0,40503.0,South Australia,Jamestown,Mid North,Barossa - Yorke - Mid North,Rest of SA
-29.86035,138.1705,406021141.0,40602.0,South Australia,Outback,Outback - North and East,South Australia - Outback,Rest of SA
-33.4693,138.4462,405031120.0,40503.0,South Australia,Jamestown,Mid North,Barossa - Yorke - Mid North,Rest of SA
-33.5683,138.4509,405031120.0,40503.0,South Australia,Jamestown,Mid North,Barossa - Yorke - Mid North,Rest of SA
-33.0974875,134.5360875,406011134.0,40601.0,South Australia,West Coast (SA),Eyre Peninsula and South West,South Australia - Outback,Rest of SA
-35.0266,138.6621,403031067.0,40303.0,South Australia,Blackwood,Mitcham,Adelaide - South,Greater Adelaide
-34.301474999999996,138.5401,405021119.0,40502.0,South Australia,Wakefield - Barunga West,Lower North,Barossa - Yorke - Mid North,Rest of SA
-34.08022857142857,137.94862857142857,405021119.0,40502.0,South Australia,Wakefield - Barunga West,Lower North,Barossa - Yorke - Mid North,Rest of SA
-34.9369,138.7702,401021010.0,40102.0,South Australia,Uraidla - Summertown,Adelaide Hills,Adelaide - Central and Hills,Greater Adelaide
-34.044200000000004,139.76055,407031170.0,40703.0,South Australia,Waikerie,Murray and Mallee,South Australia - South East,Rest of SA
-32.328959999999995,138.54698000000002,405031121.0,40503.0,South Australia,Peterborough - Mount Remarkable,Mid North,Barossa - Yorke - Mid North,Rest of SA
-33.47365,139.00695000000002,405021118.0,40502.0,South Australia,Goyder,Lower North,Barossa - Yorke - Mid North,Rest of SA
-34.2485,138.7473,405021117.0,40502.0,South Australia,Gilbert Valley,Lower North,Barossa - Yorke - Mid North,Rest of SA
-33.870075,136.287725,406011131.0,40601.0,South Australia,Kimba - Cleve - Franklin Harbour,Eyre Peninsula and South West,South Australia - Outback,Rest of SA
-33.0298,138.7481,405031121.0,40503.0,South Australia,Peterborough - Mount Remarkable,Mid North,Barossa - Yorke - Mid North,Rest of SA
-34.461875,138.65725,405011111.0,40501.0,South Australia,Light,Barossa,Barossa - Yorke - Mid North,Rest of SA
-34.2312,136.1267,406011130.0,40601.0,South Australia,Eyre Peninsula,Eyre Peninsula and South West,South Australia - Outback,Rest of SA
-34.22255,140.34205,407031163.0,40703.0,South Australia,Loxton Surrounds,Murray and Mallee,South Australia - South East,Rest of SA
-34.8101,138.7872,401021003.0,40102.0,South Australia,Adelaide Hills,Adelaide Hills,Adelaide - Central and Hills,Greater Adelaide
-34.244550000000004,135.78300000000002,406011130.0,40601.0,South Australia,Eyre Peninsula,Eyre Peninsula and South West,South Australia - Outback,Rest of SA
-33.828199999999995,138.8331,405021118.0,40502.0,South Australia,Goyder,Lower North,Barossa - Yorke - Mid North,Rest of SA
-34.94215,138.7193,401021010.0,40102.0,South Australia,Uraidla - Summertown,Adelaide Hills,Adelaide - Central and Hills,Greater Adelaide
-35.787662499999996,137.9240125,407011145.0,40701.0,South Australia,Kangaroo Island,Fleurieu - Kangaroo Island,South Australia - South East,Rest of SA
-34.910725,140.142575,407031161.0,40703.0,South Australia,Karoonda - Lameroo,Murray and Mallee,South Australia - South East,Rest of SA
-34.9317,138.7991,401021006.0,40102.0,South Australia,Lobethal - Woodside,Adelaide Hills,Adelaide - Central and Hills,Greater Adelaide
-34.9681,138.7672,401021010.0,40102.0,South Australia,Uraidla - Summertown,Adelaide Hills,Adelaide - Central and Hills,Greater Adelaide
-33.026025,135.0969,406011132.0,40601.0,South Australia,Le Hunte - Elliston,Eyre Peninsula and South West,South Australia - Outback,Rest of SA
-34.7973,138.5302,404021103.0,40402.0,South Australia,Torrens Island,Port Adelaide - West,Adelaide - West,Greater Adelaide
-33.9971,138.813,405021117.0,40502.0,South Australia,Gilbert Valley,Lower North,Barossa - Yorke - Mid North,Rest of SA
-33.5566,136.09052,406011131.0,40601.0,South Australia,Kimba - Cleve - Franklin Harbour,Eyre Peninsula and South West,South Australia - Outback,Rest of SA
-35.2187,139.7034,407031169.0,40703.0,South Australia,The Coorong,Murray and Mallee,South Australia - South East,Rest of SA
-33.845,138.4814,405021119.0,40502.0,South Australia,Wakefield - Barunga West,Lower North,Barossa - Yorke - Mid North,Rest of SA
-36.04205,139.9101,407031169.0,40703.0,South Australia,The Coorong,Murray and Mallee,South Australia - South East,Rest of SA
-34.9593,138.7451,401021010.0,40102.0,South Australia,Uraidla - Summertown,Adelaide Hills,Adelaide - Central and Hills,Greater Adelaide
-33.2098,138.82389999999998,405021118.0,40502.0,South Australia,Goyder,Lower North,Barossa - Yorke - Mid North,Rest of SA
-33.97325,138.64929999999998,405021117.0,40502.0,South Australia,Gilbert Valley,Lower North,Barossa - Yorke - Mid North,Rest of SA
-33.223800000000004,135.84486666666666,406011131.0,40601.0,South Australia,Kimba - Cleve - Franklin Harbour,Eyre Peninsula and South West,South Australia - Outback,Rest of SA
-33.366,138.3978,405031120.0,40503.0,South Australia,Jamestown,Mid North,Barossa - Yorke - Mid North,Rest of SA
-32.8195,138.197,405031121.0,40503.0,South Australia,Peterborough - Mount Remarkable,Mid North,Barossa - Yorke - Mid North,Rest of SA
-35.0302,138.68725,401021004.0,40102.0,South Australia,Aldgate - Stirling,Adelaide Hills,Adelaide - Central and Hills,Greater Adelaide
-34.0851,135.617525,406011130.0,40601.0,South Australia,Eyre Peninsula,Eyre Peninsula and South West,South Australia - Outback,Rest of SA
-34.2494,137.7637,405041127.0,40504.0,South Australia,Yorke Peninsula - North,Yorke Peninsula,Barossa - Yorke - Mid North,Rest of SA
-34.70485,140.29255,407031161.0,40703.0,South Australia,Karoonda - Lameroo,Murray and Mallee,South Australia - South East,Rest of SA
-36.8725,140.2095,407021151.0,40702.0,South Australia,Kingston - Robe,Limestone Coast,South Australia - South East,Rest of SA
-33.6908,138.6375,405021117.0,40502.0,South Australia,Gilbert Valley,Lower North,Barossa - Yorke - Mid North,Rest of SA
-34.4143,135.6954,406011130.0,40601.0,South Australia,Eyre Peninsula,Eyre Peninsula and South West,South Australia - Outback,Rest of SA
-33.903099999999995,138.73335,405021117.0,40502.0,South Australia,Gilbert Valley,Lower North,Barossa - Yorke - Mid North,Rest of SA
-32.9461,135.2737,406011132.0,40601.0,South Australia,Le Hunte - Elliston,Eyre Peninsula and South West,South Australia - Outback,Rest of SA
-37.69894,144.7586,213011339.0,21301.0,Victoria,Sydenham,Brimbank,Melbourne - West,Greater Melbourne
-30.210265,153.00205,104021086.0,10402.0,New South Wales,Coramba - Nana Glen - Bucca,Coffs Harbour,Coffs Harbour - Grafton,Rest of NSW
-33.8258,151.1993,121041414.0,12104.0,New South Wales,Crows Nest - Waverton,North Sydney - Mosman,Sydney - North Sydney and Hornsby,Greater Sydney
-28.12395,153.45965,309021233.0,30902.0,Queensland,Elanora,Coolangatta,Gold Coast,Rest of Qld
-35.002508,117.838284,509011233.0,50901.0,Western Australia,McKail - Willyung,Albany,Western Australia - Wheat Belt,Rest of WA
-41.257508333333334,146.2821875,604021092.0,60402.0,Tasmania,Turners Beach - Forth,Devonport,West and North West,Rest of Tas.
-33.9383,151.108,119041377.0,11904.0,New South Wales,Kingsgrove (South) - Bardwell Park,Kogarah - Rockdale,Sydney - Inner South West,Greater Sydney
-37.760975,144.948425,206011107.0,20601.0,Victoria,Brunswick West,Brunswick - Coburg,Melbourne - Inner,Greater Melbourne
-33.8678,151.2073,117031644.0,11703.0,New South Wales,Sydney (North) - Millers Point,Sydney Inner City,Sydney - City and Inner South,Greater Sydney
-27.400175,152.98829999999998,302011025.0,30201.0,Queensland,Everton Park,Bald Hills - Everton Park,Brisbane - North,Greater Brisbane
-32.82386666666667,151.48596666666666,106011111.0,10601.0,New South Wales,Kurri Kurri - Abermain,Lower Hunter,Hunter Valley exc Newcastle,Rest of NSW
-37.814,144.9633,206041503.0,20604.0,Victoria,Melbourne CBD - East,Melbourne City,Melbourne - Inner,Greater Melbourne
-34.04402857142857,151.06768571428572,128021538.0,12802.0,New South Wales,Sutherland - Kirrawee,Sutherland - Menai - Heathcote,Sydney - Sutherland,Greater Sydney
-31.318825,142.89545833333332,105021098.0,10502.0,New South Wales,Far West,Broken Hill and Far West,Far West and Orana,Rest of NSW
-43.17716071428571,146.9940142857143,603021070.0,60302.0,Tasmania,Cygnet,Huon - Bruny Island,South East,Rest of Tas.
-16.91542857142857,145.73350714285715,306021151.0,30602.0,Queensland,Manoora,Cairns - South,Cairns,Rest of Qld
-37.68083333333333,144.9248,210051242.0,21005.0,Victoria,Broadmeadows,Tullamarine - Broadmeadows,Melbourne - North West,Greater Melbourne
-37.0577,142.77885,215011392.0,21501.0,Victoria,Stawell,Grampians,North West,Rest of Vic.
-37.89391666666666,144.64633333333333,213051468.0,21305.0,Victoria,Werribee - West,Wyndham,Melbourne - West,Greater Melbourne
-31.474110000000003,116.4675,509021244.0,50902.0,Western Australia,Toodyay,Wheat Belt - North,Western Australia - Wheat Belt,Rest of WA
-38.1966,144.56206666666665,203031048.0,20303.0,Victoria,Clifton Springs,Surf Coast - Bellarine Peninsula,Geelong,Rest of Vic.
-33.8112,151.10366666666667,126021724.0,12602.0,New South Wales,Ryde - North,Ryde - Hunters Hill,Sydney - Ryde,Greater Sydney
-31.8654625,115.98,504031062.0,50403.0,Western Australia,Lockridge - Kiara,Swan,Perth - North East,Greater Perth
-34.37563333333333,150.90445,107041145.0,10704.0,New South Wales,Corrimal - Tarrawanna - Bellambi,Wollongong,Illawarra,Rest of NSW
-28.0982,153.40435,309081262.0,30908.0,Queensland,Varsity Lakes,Robina,Gold Coast,Rest of Qld
-36.2405375,145.4851625,216031418.0,21603.0,Victoria,Shepparton Surrounds - East,Shepparton,Shepparton,Rest of Vic.
-38.20612222222222,144.32141111111113,203021487.0,20302.0,Victoria,Grovedale - Mount Duneed,Geelong,Geelong,Rest of Vic.
-28.221484615384615,153.47084615384617,112031254.0,11203.0,New South Wales,Tweed Heads,Tweed Valley,Richmond - Tweed,Rest of NSW
-37.787459999999996,145.23522,211021261.0,21102.0,Victoria,Donvale - Park Orchards,Manningham - East,Melbourne - Outer East,Greater Melbourne
-37.8887,145.2499,211011254.0,21101.0,Victoria,Knoxfield - Scoresby,Knox,Melbourne - Outer East,Greater Melbourne
-27.45135,153.007675,305031126.0,30503.0,Queensland,Kelvin Grove - Herston,Brisbane Inner - North,Brisbane Inner City,Greater Brisbane
-34.046499999999995,151.10305,128011530.0,12801.0,New South Wales,Miranda - Yowie Bay,Cronulla - Miranda - Caringbah,Sydney - Sutherland,Greater Sydney
-37.579771428571426,142.66282857142858,215011387.0,21501.0,Victoria,Ararat Surrounds,Grampians,North West,Rest of Vic.
-42.8288,147.27296666666666,601031017.0,60103.0,Tasmania,Glenorchy,Hobart - North West,Hobart,Greater Hobart
-37.835040000000006,145.03906,207011520.0,20701.0,Victoria,Hawthorn - South,Boroondara,Melbourne - Inner East,Greater Melbourne
-27.643424999999997,152.2593,317011451.0,31701.0,Queensland,Lockyer Valley - West,Toowoomba,Toowoomba,Rest of Qld
-23.70241111111111,133.8727722222222,702011047.0,70201.0,Northern Territory,Flynn (NT),Alice Springs,Northern Territory - Outback,Rest of NT
-34.9006,138.5702,404011093.0,40401.0,South Australia,Hindmarsh - Brompton,Charles Sturt,Adelaide - West,Greater Adelaide
-37.8183,144.9445,206041118.0,20604.0,Victoria,Docklands,Melbourne City,Melbourne - Inner,Greater Melbourne
-27.844975,153.30275,309071557.0,30907.0,Queensland,Upper Coomera - North,Ormeau - Oxenford,Gold Coast,Rest of Qld
-28.000077777777776,153.41225555555556,309101268.0,30910.0,Queensland,Bundall,Surfers Paradise,Gold Coast,Rest of Qld
-34.9287,138.5986,401011001.0,40101.0,South Australia,Adelaide,Adelaide City,Adelaide - Central and Hills,Greater Adelaide
-37.6633,145.0615,209041220.0,20904.0,Victoria,Mill Park - North,Whittlesea - Wallan,Melbourne - North East,Greater Melbourne
-37.78046666666666,145.1632,207021424.0,20702.0,Victoria,Doncaster East - North,Manningham - West,Melbourne - Inner East,Greater Melbourne
-38.28873333333334,146.42305555555558,205041094.0,20504.0,Victoria,Churchill,Latrobe Valley,Latrobe - Gippsland,Rest of Vic.
-27.78555714285714,124.25414285714285,511031283.0,51103.0,Western Australia,Leinster - Leonora,Goldfields,Western Australia - Outback (South),Rest of WA
-33.83833333333334,151.08646666666667,120011672.0,12001.0,New South Wales,Concord West - North Strathfield,Canada Bay,Sydney - Inner West,Greater Sydney
-37.5699,141.3542,217011420.0,21701.0,Victoria,Glenelg (Vic.),Glenelg - Southern Grampians,Warrnambool and South West,Rest of Vic.
-31.701494736842104,152.71591578947368,108041162.0,10804.0,New South Wales,Laurieton - Bonny Hills,Port Macquarie,Mid North Coast,Rest of NSW
-37.92165,145.06645,208021426.0,20802.0,Victoria,Bentleigh East - North,Glen Eira,Melbourne - Inner South,Greater Melbourne
-37.530775,143.81865,201011008.0,20101.0,Victoria,Wendouree - Miners Rest,Ballarat,Ballarat,Rest of Vic.
-33.628470588235295,141.9884588235294,109021179.0,10902.0,New South Wales,Wentworth-Balranald Region,Lower Murray,Murray,Rest of NSW
-37.963433333333334,145.06289999999998,208031188.0,20803.0,Victoria,Highett (East) - Cheltenham,Kingston,Melbourne - Inner South,Greater Melbourne
-27.502650000000003,152.976775,304031094.0,30403.0,Queensland,Indooroopilly,Sherwood - Indooroopilly,Brisbane - West,Greater Brisbane
-27.463233333333335,153.02635,305011111.0,30501.0,Queensland,Spring Hill,Brisbane Inner,Brisbane Inner City,Greater Brisbane
-33.8934,151.2067,117031642.0,11703.0,New South Wales,Redfern,Sydney Inner City,Sydney - City and Inner South,Greater Sydney
-27.074163636363632,152.97515454545453,313021572.0,31302.0,Queensland,Caboolture - East,Caboolture,Moreton Bay - North,Greater Brisbane
-28.056475,153.3845,309081260.0,30908.0,Queensland,Merrimac,Robina,Gold Coast,Rest of Qld
-33.866075,151.2040125,117031644.0,11703.0,New South Wales,Sydney (North) - Millers Point,Sydney Inner City,Sydney - City and Inner South,Greater Sydney
-32.72725,152.152975,106031121.0,10603.0,New South Wales,Nelson Bay Peninsula,Port Stephens,Hunter Valley exc Newcastle,Rest of NSW
-37.858000000000004,145.07475,207011150.0,20701.0,Victoria,Glen Iris - East,Boroondara,Melbourne - Inner East,Greater Melbourne
-37.995533333333334,145.2053,212041564.0,21204.0,Victoria,Dandenong - South,Dandenong,Melbourne - South East,Greater Melbourne
-33.89072,151.26471999999998,118011339.0,11801.0,New South Wales,Bondi - Tamarama - Bronte,Eastern Suburbs - North,Sydney - Eastern Suburbs,Greater Sydney
-27.963685714285713,153.36697142857142,309091264.0,30909.0,Queensland,Molendinar,Southport,Gold Coast,Rest of Qld
-33.699,150.878,116021632.0,11602.0,New South Wales,Schofields - East,Blacktown - North,Sydney - Blacktown,Greater Sydney
-27.358600000000003,153.03612,302041046.0,30204.0,Queensland,Zillmere,Sandgate,Brisbane - North,Greater Brisbane
-37.752,144.7586142857143,213011569.0,21301.0,Victoria,Deer Park,Brimbank,Melbourne - West,Greater Melbourne
-37.7855,145.1246,207021157.0,20702.0,Victoria,Doncaster,Manningham - West,Melbourne - Inner East,Greater Melbourne
-35.30883333333333,149.13653333333335,801061129.0,80106.0,Australian Capital Territory,Barton,South Canberra,Australian Capital Territory,Australian Capital Territory
-31.80035,115.7952,505011078.0,50501.0,Western Australia,Kingsley,Joondalup,Perth - North West,Greater Perth
-33.918733333333336,151.17046666666667,117021328.0,11702.0,New South Wales,Sydenham - Tempe - St Peters,Marrickville - Sydenham - Petersham,Sydney - City and Inner South,Greater Sydney
-37.95955,145.1843,212041459.0,21204.0,Victoria,Noble Park - East,Dandenong,Melbourne - South East,Greater Melbourne
-37.813,144.9611,206041505.0,20604.0,Victoria,Melbourne CBD - West,Melbourne City,Melbourne - Inner,Greater Melbourne
-32.92836666666667,151.7033,111031225.0,11103.0,New South Wales,Lambton - New Lambton,Newcastle,Newcastle and Lake Macquarie,Rest of NSW
-37.8023,144.86338,213031351.0,21303.0,Victoria,West Footscray - Tottenham,Maribyrnong,Melbourne - West,Greater Melbourne
-41.4503,147.13891999999998,602011047.0,60201.0,Tasmania,South Launceston,Launceston,Launceston and North East,Rest of Tas.
-32.56875079365079,151.11715714285714,106011113.0,10601.0,New South Wales,Singleton Surrounds,Lower Hunter,Hunter Valley exc Newcastle,Rest of NSW
-34.044842857142854,150.7510142857143,123011701.0,12301.0,New South Wales,Mount Annan,Camden,Sydney - Outer South West,Greater Sydney
-32.906933333333335,151.7023,111031234.0,11103.0,New South Wales,Waratah - North Lambton,Newcastle,Newcastle and Lake Macquarie,Rest of NSW
-27.12865,152.91115000000002,313041374.0,31304.0,Queensland,Morayfield,Narangba - Burpengary,Moreton Bay - North,Greater Brisbane
-33.84915,150.930475,127021519.0,12702.0,New South Wales,Smithfield - Wetherill Park,Fairfield,Sydney - South West,Greater Sydney
-38.123999999999995,145.3646,212031303.0,21203.0,Victoria,Cranbourne South,Casey - South,Melbourne - South East,Greater Melbourne
-37.78076,144.8264,213011328.0,21301.0,Victoria,Ardeer - Albion,Brimbank,Melbourne - West,Greater Melbourne
-33.82485714285714,151.1936142857143,121011685.0,12101.0,New South Wales,Greenwich - Riverview,Chatswood - Lane Cove,Sydney - North Sydney and Hornsby,Greater Sydney
-37.74798,145.07292,209011198.0,20901.0,Victoria,Heidelberg - Rosanna,Banyule,Melbourne - North East,Greater Melbourne
-37.8496,145.11533333333333,207031165.0,20703.0,Victoria,Burwood (Vic.),Whitehorse - West,Melbourne - Inner East,Greater Melbourne
-35.1828,149.1371,801041040.0,80104.0,Australian Capital Territory,Gungahlin,Gungahlin,Australian Capital Territory,Australian Capital Territory
-37.6746,144.88995,210051245.0,21005.0,Victoria,Gladstone Park - Westmeadows,Tullamarine - Broadmeadows,Melbourne - North West,Greater Melbourne
-28.953878947368423,152.75125614035088,112021245.0,11202.0,New South Wales,Casino Surrounds,Richmond Valley - Hinterland,Richmond - Tweed,Rest of NSW
-28.65392222222222,153.57368888888888,112011238.0,11201.0,New South Wales,Bangalow,Richmond Valley - Coastal,Richmond - Tweed,Rest of NSW
-33.77697142857143,150.89734285714286,116011561.0,11601.0,New South Wales,Blacktown - West,Blacktown,Sydney - Blacktown,Greater Sydney
-36.31613333333333,142.0377,215011390.0,21501.0,Victoria,Nhill Region,Grampians,North West,Rest of Vic.
-35.424060000000004,149.2114,101021611.0,10102.0,New South Wales,Queanbeyan Surrounds,Queanbeyan,Capital Region,Rest of NSW
-27.59235384615385,152.09702307692308,317011451.0,31701.0,Queensland,Lockyer Valley - West,Toowoomba,Toowoomba,Rest of Qld
-37.789249999999996,145.27785,211031451.0,21103.0,Victoria,Croydon - West,Maroondah,Melbourne - Outer East,Greater Melbourne
-37.701033333333335,144.89243333333332,210051245.0,21005.0,Victoria,Gladstone Park - Westmeadows,Tullamarine - Broadmeadows,Melbourne - North West,Greater Melbourne
-33.88115,151.21535,117031336.0,11703.0,New South Wales,Surry Hills,Sydney Inner City,Sydney - City and Inner South,Greater Sydney
-30.92467272727273,150.19408181818181,110041200.0,11004.0,New South Wales,Gunnedah Surrounds,Tamworth - Gunnedah,New England and North West,Rest of NSW
-32.60273150684932,149.66088356164386,103031074.0,10303.0,New South Wales,Mudgee Surrounds - West,Lithgow - Mudgee,Central West,Rest of NSW
-31.25462,115.81478999999999,509021239.0,50902.0,Western Australia,Gingin - Dandaragan,Wheat Belt - North,Western Australia - Wheat Belt,Rest of WA
-33.8224,151.2128,121041413.0,12104.0,New South Wales,Cremorne - Cammeray,North Sydney - Mosman,Sydney - North Sydney and Hornsby,Greater Sydney
-27.35411607142857,152.54495892857145,310021278.0,31002.0,Queensland,Esk,Ipswich Hinterland,Ipswich,Greater Brisbane
-31.84638,115.76088,505011082.0,50501.0,Western Australia,Sorrento - Marmion,Joondalup,Perth - North West,Greater Perth
-33.2113,151.53917777777778,102021045.0,10202.0,New South Wales,Blue Haven - San Remo,Wyong,Central Coast,Greater Sydney
-27.3552,152.98149999999998,314011382.0,31401.0,Queensland,Albany Creek,The Hills District,Moreton Bay - South,Greater Brisbane
-37.03991428571429,141.33577142857143,215011393.0,21501.0,Victoria,West Wimmera,Grampians,North West,Rest of Vic.
-37.79005,144.92295000000001,206041121.0,20604.0,Victoria,Kensington (Vic.),Melbourne City,Melbourne - Inner,Greater Melbourne
-31.9529,115.8605,503021297.0,50302.0,Western Australia,Perth (West) - Northbridge,Perth City,Perth - Inner,Greater Perth
-32.77265,152.07776666666666,106031119.0,10603.0,New South Wales,Anna Bay,Port Stephens,Hunter Valley exc Newcastle,Rest of NSW
-28.039014285714284,153.42504285714287,309011228.0,30901.0,Queensland,Mermaid Waters,Broadbeach - Burleigh,Gold Coast,Rest of Qld
-37.265976190476195,142.96460000000002,215011386.0,21501.0,Victoria,Ararat,Grampians,North West,Rest of Vic.
-27.38495,153.0266,302021028.0,30202.0,Queensland,Chermside,Chermside,Brisbane - North,Greater Brisbane
-21.211861290322577,148.91246129032257,312021351.0,31202.0,Queensland,Pioneer Valley,Mackay,Mackay - Isaac - Whitsunday,Rest of Qld
-33.38190294117647,151.2704705882353,102011030.0,10201.0,New South Wales,Calga - Kulnura,Gosford,Central Coast,Greater Sydney
-32.35942,117.1831,509031246.0,50903.0,Western Australia,Brookton,Wheat Belt - South,Western Australia - Wheat Belt,Rest of WA
-37.567600000000006,144.93716,210051445.0,21005.0,Victoria,Mickleham - Yuroke,Tullamarine - Broadmeadows,Melbourne - North West,Greater Melbourne
-36.617416666666664,144.01323333333332,202031033.0,20203.0,Victoria,Loddon,Loddon - Elmore,Bendigo,Rest of Vic.
-34.097415789473686,150.81231578947367,123021436.0,12302.0,New South Wales,Bradbury - Wedderburn,Campbelltown (NSW),Sydney - Outer South West,Greater Sydney
-27.790925,153.01454999999999,311041569.0,31104.0,Queensland,Greenbank - North Maclean,Jimboomba,Logan - Beaudesert,Greater Brisbane
-31.902549999999998,116.16725,504021053.0,50402.0,Western Australia,Mundaring,Mundaring,Perth - North East,Greater Perth
-37.639,145.1334,209031213.0,20903.0,Victoria,Plenty - Yarrambat,Nillumbik - Kinglake,Melbourne - North East,Greater Melbourne
-37.9138,145.28789999999998,211011255.0,21101.0,Victoria,Lysterfield,Knox,Melbourne - Outer East,Greater Melbourne
-37.87213333333333,144.76943333333332,213021342.0,21302.0,Victoria,Altona Meadows,Hobsons Bay,Melbourne - West,Greater Melbourne
-38.05605172413793,146.21683448275863,205011077.0,20501.0,Victoria,Mount Baw Baw Region,Baw Baw,Latrobe - Gippsland,Rest of Vic.
-31.6431,115.6965,505031099.0,50503.0,Western Australia,Butler - Merriwa - Ridgewood,Wanneroo,Perth - North West,Greater Perth
-38.13068333333333,144.2822,203021040.0,20302.0,Victoria,Geelong West - Hamlyn Heights,Geelong,Geelong,Rest of Vic.
-37.5895,143.827,201011484.0,20101.0,Victoria,Sebastopol - Redan,Ballarat,Ballarat,Rest of Vic.
-37.8771,145.053,208041195.0,20804.0,Victoria,Malvern East,Stonnington - East,Melbourne - Inner South,Greater Melbourne
-36.266133333333336,141.0725,215011390.0,21501.0,Victoria,Nhill Region,Grampians,North West,Rest of Vic.
-33.52180357142857,150.83611428571427,115031300.0,11503.0,New South Wales,Kurrajong Heights - Ebenezer,Hawkesbury,Sydney - Baulkham Hills and Hawkesbury,Greater Sydney
-27.913959999999996,153.26628,309071556.0,30907.0,Queensland,Upper Coomera (South) - Wongawallan,Ormeau - Oxenford,Gold Coast,Rest of Qld
-19.25462,146.81827333333334,318021490.0,31802.0,Queensland,Townsville City - North Ward,Townsville,Townsville,Rest of Qld
-38.03183333333333,144.44650000000001,203021043.0,20302.0,Victoria,Lara,Geelong,Geelong,Rest of Vic.
-37.8923,143.0238,217041477.0,21704.0,Victoria,Moyne - East,Warrnambool,Warrnambool and South West,Rest of Vic.
-37.73767142857143,145.01565714285715,209021428.0,20902.0,Victoria,Preston - East,Darebin - North,Melbourne - North East,Greater Melbourne
-33.8126,151.0584,125021477.0,12502.0,New South Wales,Ermington - Rydalmere,Carlingford,Sydney - Parramatta,Greater Sydney
-38.258894444444444,143.21762222222222,217031474.0,21703.0,Victoria,Corangamite - North,Colac - Corangamite,Warrnambool and South West,Rest of Vic.
-35.32146666666667,149.14776666666668,801061064.0,80106.0,Australian Capital Territory,Griffith (ACT),South Canberra,Australian Capital Territory,Australian Capital Territory
-34.303125,150.603925,123031445.0,12303.0,New South Wales,Bargo,Wollondilly,Sydney - Outer South West,Greater Sydney
-38.57909166666666,145.58125833333335,205031093.0,20503.0,Victoria,Wonthaggi - Inverloch,Gippsland - South West,Latrobe - Gippsland,Rest of Vic.
-37.8943,145.2279,211011254.0,21101.0,Victoria,Knoxfield - Scoresby,Knox,Melbourne - Outer East,Greater Melbourne
-33.869225,151.04615,125011586.0,12501.0,New South Wales,Lidcombe,Auburn,Sydney - Parramatta,Greater Sydney
-28.864266666666666,153.53642666666667,112011236.0,11201.0,New South Wales,Ballina,Richmond Valley - Coastal,Richmond - Tweed,Rest of NSW
-37.48163684210527,141.30762631578946,217011420.0,21701.0,Victoria,Glenelg (Vic.),Glenelg - Southern Grampians,Warrnambool and South West,Rest of Vic.
-33.83005,151.15485,,,,,,,
-33.85755,150.974675,125031487.0,12503.0,New South Wales,Yennora Industrial,Merrylands - Guildford,Sydney - Parramatta,Greater Sydney
-27.5153,153.0133,303021059.0,30302.0,Queensland,Yeronga,Holland Park - Yeronga,Brisbane - South,Greater Brisbane
-33.809999999999995,150.96308888888888,125041589.0,12504.0,New South Wales,Wentworthville - Westmead,Parramatta,Sydney - Parramatta,Greater Sydney
-38.129275,145.26974166666668,212031303.0,21203.0,Victoria,Cranbourne South,Casey - South,Melbourne - South East,Greater Melbourne
-37.55260983606557,143.84362459016396,201011002.0,20101.0,Victoria,Ballarat,Ballarat,Ballarat,Rest of Vic.
-38.02395833333333,141.51816666666664,217011420.0,21701.0,Victoria,Glenelg (Vic.),Glenelg - Southern Grampians,Warrnambool and South West,Rest of Vic.
-32.63415,151.36749,106011107.0,10601.0,New South Wales,Branxton - Greta - Pokolbin,Lower Hunter,Hunter Valley exc Newcastle,Rest of NSW
-29.736508,151.83022799999998,110021190.0,11002.0,New South Wales,Glen Innes,Inverell - Tenterfield,New England and North West,Rest of NSW
-35.20997692307692,149.03596153846155,801011017.0,80101.0,Australian Capital Territory,Latham,Belconnen,Australian Capital Territory,Australian Capital Territory
-33.905,151.05053333333333,119011655.0,11901.0,New South Wales,Greenacre - North,Bankstown,Sydney - Inner South West,Greater Sydney
-37.8596,144.743,213051363.0,21305.0,Victoria,Laverton,Wyndham,Melbourne - West,Greater Melbourne
-36.7617,144.24665555555555,202011022.0,20201.0,Victoria,Kangaroo Flat - Golden Square,Bendigo,Bendigo,Rest of Vic.
-42.57766458333334,146.78227083333334,603011065.0,60301.0,Tasmania,Central Highlands,Central Highlands (Tas.),South East,Rest of Tas.
-33.7684,151.08345,126011720.0,12601.0,New South Wales,Epping (East) - North Epping,Pennant Hills - Epping,Sydney - Ryde,Greater Sydney
-37.82675,144.95305000000002,206041508.0,20604.0,Victoria,Southbank (West) - South Wharf,Melbourne City,Melbourne - Inner,Greater Melbourne
-34.31794375,146.01730625,113011257.0,11301.0,New South Wales,Griffith Surrounds,Griffith - Murrumbidgee (West),Riverina,Rest of NSW
-27.694466666666667,153.19453333333334,311051325.0,31105.0,Queensland,Loganholme - Tanah Merah,Loganlea - Carbrook,Logan - Beaudesert,Greater Brisbane
-34.0904,142.05275,109021178.0,10902.0,New South Wales,Wentworth - Buronga,Lower Murray,Murray,Rest of NSW
-33.90923333333333,151.19403333333332,117031330.0,11703.0,New South Wales,Erskineville - Alexandria,Sydney Inner City,Sydney - City and Inner South,Greater Sydney
-37.95205,147.721725,205051100.0,20505.0,Victoria,Longford - Loch Sport,Wellington,Latrobe - Gippsland,Rest of Vic.
-33.8936,151.25220000000002,118011341.0,11801.0,New South Wales,Bondi Junction - Waverly,Eastern Suburbs - North,Sydney - Eastern Suburbs,Greater Sydney
-33.88385,151.1646,120021675.0,12002.0,New South Wales,Leichhardt,Leichhardt,Sydney - Inner West,Greater Sydney
-37.92215,145.18855,212051327.0,21205.0,Victoria,Wheelers Hill,Monash,Melbourne - South East,Greater Melbourne
